Title,Company,Tags,Link
Typescript Engineer,wander.com,,https://remoteok.io/remote-jobs/remote-typescript-engineer-wander-com-1093244
Senior Full Stack Developer,Zammad,,https://remoteok.io/remote-jobs/remote-senior-full-stack-developer-zammad-1093045
Senior Full Stack Engineer,AMK Solutions,,https://remoteok.io/remote-jobs/remote-senior-full-stack-engineer-amk-solutions-1093412
Founding Engineer,Teracy,,https://remoteok.io/remote-jobs/remote-founding-engineer-teracy-1093410
Senior AI Engineer Python & LLM Engineer,Lemon.io,,https://remoteok.io/remote-jobs/remote-senior-ai-engineer-python-llm-engineer-lemon-io-1093400
Lead Data Engineer,Open Architects,,https://remoteok.io/remote-jobs/remote-lead-data-engineer-open-architects-1093295
Javascript Fullstack Engineer Senior,Lumenalta,,https://remoteok.io/remote-jobs/remote-javascript-fullstack-engineer-senior-lumenalta-1092919
Software Engineer,ControlShift,,https://remoteok.io/remote-jobs/remote-software-engineer-controlshift-1093322
Tech Cofounder CTO,Founders Factory,,https://remoteok.io/remote-jobs/remote-tech-cofounder-cto-founders-factory-1093267
Senior Backend Engineer,HockeyStack,,https://remoteok.io/remote-jobs/remote-senior-backend-engineer-hockeystack-1093257
Senior React Native SDK Engineer,Nami ML,,https://remoteok.io/remote-jobs/remote-senior-react-native-sdk-engineer-nami-ml-1093276
Senior Full stack Developer,Lemon.io,,https://remoteok.io/remote-jobs/remote-senior-full-stack-developer-lemon-io-1093252
Senior Account Lead,Sanctuary Computer,,https://remoteok.io/remote-jobs/remote-senior-account-lead-sanctuary-computer-1093250
Spanish Speaking Software Support Engineer,Payara,,https://remoteok.io/remote-jobs/remote-spanish-speaking-software-support-engineer-payara-1093246
Senior full stack engineer,Ideal Protein,,https://remoteok.io/remote-jobs/remote-senior-full-stack-engineer-ideal-protein-1083524
Senior Software Engineer,Contra,,https://remoteok.io/remote-jobs/remote-senior-software-engineer-contra-1093221
Administrative Executive,Prime Design & Build,,https://remoteok.io/remote-jobs/remote-administrative-executive-prime-design-build-1092987
Senior Software Engineer,Emergent Software,,https://remoteok.io/remote-jobs/remote-senior-software-engineer-emergent-software-1092940
Full Stack Developer,Incyte Studios,,https://remoteok.io/remote-jobs/remote-full-stack-developer-incyte-studios-1086821
